"TaxonPair","contrast","estimate","SE","df","t.ratio","p.value","Metric"
"Asterochloris_vs_Myrmecia","(Lichen-forming) - (Free-living)",0.0134189189189191,0.00207971157986846,1288.00000000041,6.45229802479046,6.2226977812787e-10,"dN"
"Coccomyxa","(Lichen-forming) - (Free-living)",0.010152972972973,0.00207971157986846,1287.99999999992,4.88191394963296,4.72845766952824e-06,"dN"
"Symbiochloris","(Lichen-forming) - (Free-living)",-0.00474810810810809,0.00207971157986846,1287.99999999992,-2.28306086001041,0.0903563839575469,"dN"
"Trebouxia_vs_Myrmecia","(Lichen-forming) - (Free-living)",0.00641405405405403,0.00207971157986846,1287.99999999992,3.08410748689476,0.00834029802814233,"dN"
"Asterochloris_vs_Myrmecia","(Lichen-forming) - (Free-living)",-0.0471616216216371,0.0412664490977181,1287.99999999931,-1.14285630706823,1,"dS"
"Coccomyxa","(Lichen-forming) - (Free-living)",-0.118383783783784,0.0412664490977182,1287.99999999992,-2.86876594357448,0.0167519588737773,"dS"
"Symbiochloris","(Lichen-forming) - (Free-living)",0.175939459459461,0.0412664490977182,1287.99999999992,4.2634988787826,8.63725713491394e-05,"dS"
"Trebouxia_vs_Myrmecia","(Lichen-forming) - (Free-living)",0.431135675675678,0.0412664490977182,1288.00000000005,10.4476078049448,5.59082711239647e-24,"dS"
