"TaxonPair","contrast","estimate","SE","df","t.ratio","p.value","Metric","Direction","Significant"
"Asterochloris_vs_Myrmecia","(Lichen-forming) - (Free-living)",0.01249945945946,0.00206163595063909,1288.00000000005,6.06288392263692,7.01485076655137e-09,"dN/dS","Higher in lichen","***"
"Coccomyxa","(Lichen-forming) - (Free-living)",0.015445945945946,0.00206163595063908,1288.00000000005,7.49208216957895,5.01802479719819e-13,"dN/dS","Higher in lichen","***"
"Symbiochloris","(Lichen-forming) - (Free-living)",-0.0114345945945945,0.00206163595063908,1288.00000000005,-5.54636942135682,1.41423541324628e-07,"dN/dS","Lower in lichen","***"
"Trebouxia_vs_Myrmecia","(Lichen-forming) - (Free-living)",-0.00898162162162162,0.00206163595063908,1287.99999999992,-4.35655073769811,5.70483523042485e-05,"dN/dS","Lower in lichen","***"
