"contrast","TaxonPair","estimate","SE","df","t.ratio","p.value","Metric","Direction","Significant"
"(Lichen-forming) - (Free-living)","Asterochloris_vs_Myrmecia",0.01249945945946,0.00206163595063909,1288.00000000005,6.06288392263692,1.75371269163784e-09,"dN/dS","Higher in lichen","***"
"(Lichen-forming) - (Free-living)","Coccomyxa",0.015445945945946,0.00206163595063908,1288.00000000005,7.49208216957895,1.25450619929955e-13,"dN/dS","Higher in lichen","***"
"(Lichen-forming) - (Free-living)","Symbiochloris",-0.0114345945945945,0.00206163595063908,1288.00000000005,-5.54636942135682,3.5355885331157e-08,"dN/dS","Lower in lichen","***"
"(Lichen-forming) - (Free-living)","Trebouxia_vs_Myrmecia",-0.00898162162162162,0.00206163595063908,1287.99999999992,-4.35655073769811,1.42620880760621e-05,"dN/dS","Lower in lichen","***"
