"n_genes","NI_TG","CI_lower","CI_upper","alpha","wilcox_V","wilcox_p"
2215,0.778062192450374,0.76941255607583,0.78710696080363,0.221937807549626,299081.5,4.84075653152417e-208
