"Condition","GC3.trend","SE","df","lower.CL","upper.CL"
"Lichen-forming",0.00673418335227108,0.0085940613505207,6653,-0.010112932322464,0.0235812990270061
"Free-living",-0.0767341773301223,0.0110959691127553,6653,-0.0984858343804353,-0.0549825202798093
