"Pair","n","median_K","IQR_low","IQR_high","p_value"
"Coccomyxa",887,0.898796685715889,0.73340512834772,1.01094281307902,2.13228634634684e-38
"Symbiochloris",848,1.0351498224602,0.852318724122544,1.2900848332737,4.6848424732099e-08
"Trebouxia",869,1.13025803993989,0.98742776718577,1.34706861496197,3.89359030672546e-45
"Asterochloris",888,0.94587199144023,0.78887222664493,1.08268834599615,9.23996728169649e-12
