"Pair","n_genes","median_K","mean_K","sd_K","n_strengthened","n_relaxed","n_ns","pct_strengthened","pct_relaxed","pct_ns"
"Coccomyxa",887,0.898796685715889,0.874370503601916,0.296251159067627,0,15,872,0,1.7,98.3
"Symbiochloris",848,1.0351498224602,1.10566356269413,0.484127358063835,17,16,815,2,1.9,96.1
"Trebouxia",869,1.13025803993989,1.18882734730617,0.396134720709433,73,7,789,8.4,0.8,90.8
"Asterochloris",888,0.94587199144023,0.943970867622883,0.306473320433685,0,20,868,0,2.3,97.7
