"TaxonPair","n_pairs","median_Lichen","median_Free","median_diff","V_statistic","p_value","p_adj"
"Asterochloris_vs_Myrmecia",185,0.0627,0.0522,0.0141,13394.5,5.03983521582541e-11,2.01593408633016e-10
"Coccomyxa",185,0.0503,0.0378,0.0112,13620,4.20330437123084e-13,1.68132174849234e-12
"Symbiochloris",185,0.0379,0.0479,-0.0102,4200,2.569492210879e-09,1.0277968843516e-08
"Trebouxia_vs_Myrmecia",185,0.0413,0.0522,-0.0056,5329,2.54242886492639e-05,0.000101697154597056
