"TaxonPair","n_pairs","median_Lichen","median_Free","median_diff","V_statistic","p_value","p_adj"
"Asterochloris_vs_Myrmecia",185,1.1881,1.2448,-0.0546,7602,0.170336701136245,0.681346804544982
"Coccomyxa",185,0.9137,1.0074,-0.1064,6225,0.00111742980946481,0.00446971923785925
"Symbiochloris",185,1.2548,1.0037,0.2144,12197,8.3154259122864e-07,3.32617036491456e-06
"Trebouxia_vs_Myrmecia",185,1.701,1.2448,0.4686,14242,1.06581410364015e-14,4.2632564145606e-14
