"Pair","GO_term","n_genes","median_K_with","median_K_without","median_diff","p_value","padj","GO_description","GO_ontology"
"Symbiochloris","GO:0003735",20,1.39462943450422,1.11398024334799,0.280649191156229,0.0001552071798163,0.000776035899081502,"structural constituent of ribosome","MF"
"Symbiochloris","GO:0006412",21,1.3711624540179,1.11335926474515,0.25780318927275,0.000141920012334581,0.000776035899081502,"translation","BP"
"Symbiochloris","GO:0005840",18,1.39462943450422,1.11526517652569,0.279364257978532,0.000500343203435444,0.00166781067811815,"ribosome","CC"
"Symbiochloris","GO:0005634",18,0.943500743523169,1.11713121421052,-0.173630470687355,0.0133741845473913,0.0334354613684781,"nucleus","CC"
